STATION_NM,STATION_ID,lon,lat
친목마을,208000079,126.8830833,37.40921667
친목마을,208000112,126.8835,37.4091
한양수자인아파트후문,208000009,126.92135,37.40415
박달주유소,208000168,126.88535,37.40423333
호현마을,208000078,126.8854,37.40616667
호현삼거리,208000167,126.8866167,37.4048
코카콜라물류센터,208000169,126.8905333,37.40545
노루페인트.대림한숲아파트,208000166,126.8917667,37.40481667
충훈고교,208000193,126.8917333,37.41085
충훈고교,208000196,126.892,37.41091667
노루페인트.대림한숲아파트,208000056,126.8930833,37.4046
충훈부종점,208000111,126.89355,37.4095
충훈부종점,208000096,126.8935167,37.40938333
석수동버스공영차고지,208000380,126.8947833,37.4194
청란공원,208000110,126.8947167,37.40808333
석수동버스공영차고지,208000381,126.8948167,37.41963333
충훈2교,208000057,126.89495,37.40368333
청란공원,208000097,126.8951,37.40791667
안양천생태이야기관,208000194,126.8955833,37.41741667
안양천생태이야기관,208000195,126.8957833,37.41726667
충훈2교,208000198,126.8959167,37.40528333
용강빌라,208000109,126.8960333,37.4071
충훈부입구.충훈2교,208000165,126.8961333,37.4026
충훈2교앞,208000049,126.8962667,37.40286667
충훈2교,208000203,126.8962333,37.40456667
용강빌라,208000098,126.8964333,37.4073
한일아파트.삼봉마을,208000164,126.8977667,37.40166667
한양수자인아파트후문,208000035,126.9212833,37.40411667
한일아파트.삼봉마을,208000058,126.8985667,37.40176667
석수3동행정복지센터.코오롱하늘채아파트,208000108,126.8988333,37.40756667
석수3동행정복지센터.코오롱하늘채아파트,208000099,126.8986,37.40773333
서초빌라,208000202,126.8989667,37.40433333
래미안메가트리아1단지,208000287,126.9317333,37.39658333
석수초등학교,208000107,126.8999,37.40725
석수초등학교,208000100,126.9000167,37.4074
박달2동행정복지센터.한라비발디아파트,208000163,126.9018,37.40188333
충훈1교,208000209,126.90335,37.40583333
석수역(중),208000037,126.9033833,37.43355
한라비발디아파트,208000059,126.902,37.40216667
석수아이파크,208000106,126.9020833,37.40658333
충훈1교,208000208,126.9035833,37.40576667
창박골,208000132,126.9023167,37.38438333
연현초교,208000129,126.9027167,37.42618333
석수아이파크,208000101,126.9021167,37.40676667
관악역(공항버스),208000039,126.91185,37.41835
대림.LG.힐스테이트아파트(중),208000094,126.90375,37.43136667
현대아파트.안양서중학교,208000133,126.9037333,37.3849
대림.LG.힐스테이트아파트(중),208000116,126.9044,37.4297
박달삼거리.한양수자인에듀파크,208000060,126.90535,37.40251667
박달삼거리,208000162,126.9054167,37.40231667
석수체육공원.자동차학원,208000093,126.9057333,37.42263333
석수체육공원.자동차학원,208000117,126.9066167,37.42215
병목안삼거리,208000008,126.9065333,37.38591667
갈뫼어린이공원,208000013,126.9066667,37.41018333
석수시장,208000012,126.9066833,37.41125
관악역,208000118,126.9070667,37.41811667
병목안삼거리,208000134,126.9064833,37.38601667
관악역,208000047,126.90675,37.41868333
한마음선원.관악역이안아파트,208000040,126.90735,37.42265
석수현대아파트,208000070,126.9074833,37.41586667
럭키아파트,208000074,126.90785,37.40831667
럭키아파트,208000102,126.9078,37.4085
박석교.삼정빌라,208000088,126.9081667,37.40621667
석수현대아파트,208000130,126.9083167,37.41716667
석수시장.석수현대아파트,208000090,126.9082333,37.41433333
박달우성아파트,208000061,126.9082333,37.40265
박달우성아파트,208000161,126.9083,37.40246667
박석교.삼정빌라,208000075,126.9083,37.40636667
석수현대아파트,208000091,126.9086167,37.41755
관악역,208000092,126.9086833,37.41883333
박달시장,208000076,126.90895,37.4053
금용아파트,208000007,126.9090833,37.38833333
새마을금고,208000011,126.9093833,37.41265
관악역,208000034,126.9092833,37.41991667
박달1동행정복지센터,208000206,126.9091833,37.4045
관악역,208000041,126.9103333,37.41963333
금용아파트,208000135,126.9091833,37.3887
새마을,208000154,126.9096,37.3925
새마을,208000137,126.9094167,37.39258333
삼막동입구,208000018,126.9103667,37.42143333
삼막동입구,208000023,126.9096167,37.42136667
뉴골든아파트,208000136,126.9097833,37.39
박달1동행정복지센터,208000077,126.9098667,37.4038
농협.KT석수시점,208000071,126.9101,37.41268333
뉴골든아파트,208000006,126.9099667,37.38998333
삼성빌라,208000179,126.9110667,37.4018
삼성빌라,208000192,126.9108667,37.40163333
안양대교,208000103,126.9111167,37.40935
안양대교,208000073,126.9112167,37.40918333
안양대교,208000089,126.9111833,37.41086667
박달사거리.박달1동행정복지센터,208000160,126.9113167,37.40248333
박달사거리.박달1동행정복지센터,208000062,126.9113833,37.40268333
프라자아파트,208000153,126.9117,37.39391667
안양대교앞,208000072,126.9118833,37.41058333
느티나무,208000017,126.91195,37.42265
느티나무,208000024,126.9121167,37.42313333
진흥아파트,208000191,126.9124667,37.40031667
진흥아파트,208000180,126.9126333,37.40043333
프라자아파트.안양예고입구,208000138,126.9126333,37.39466667
정우아파트,208000190,126.9130167,37.39838333
정우아파트,208000181,126.91325,37.39815
삼막교,208000016,126.9130167,37.42386667
삼막교,208000025,126.91305,37.42448333
안양예술공원지하도,208000021,126.9135667,37.41028333
안양예술공원지하도,208000020,126.9138667,37.41016667
안양3동행정복지센터,208000182,126.9141,37.3968
안양예술공원,208000033,126.91395,37.41653333
연성대학교,208000189,126.9141667,37.3964
신협,208000205,126.9142667,37.4071
안양해솔학교,208000291,126.9142333,37.4331
안양예술공원,208000042,126.91465,37.41666667
경인교육대후문,208000028,126.9151333,37.43245
정심여자중고등학교,208000026,126.9148833,37.42735
정심여자중고등학교,208000015,126.91505,37.4272
만안초교,208000104,126.915,37.40678333
안양여중고.안양성결교회,208000159,126.9150833,37.40256667
성원아파트,208000183,126.9152,37.39611667
성원아파트,208000188,126.9154167,37.39596667
안양여중고.안양성결교회,208000063,126.9154833,37.40276667
안양여중고,208000204,126.9164333,37.40448333
삼성아파트,208000022,126.91695,37.41418333
삼성.세림아파트,208000019,126.9170333,37.41376667
안양여중고,208000105,126.91735,37.40395
삼덕공원,208000184,126.91785,37.39828333
안양예술공원입구,208000043,126.9179167,37.41558333
삼덕공원,208000187,126.9181167,37.39825
석수지구대,208000032,126.918,37.41501667
경인교육대,208000029,126.9181333,37.43156667
경인교육대,208000014,126.9183,37.43125
시외버스터미널.교보생명,208000158,126.919,37.40145
대동문고,208000064,126.9195,37.40138333
안양사거리.청원놀이터,208000197,126.91945,37.40333333
역전우체국,208000185,126.9195333,37.39958333
장애인복지회관,208000031,126.91965,37.41305
안양중앙시장.안양고용센터,208000157,126.9207833,37.39928333
안양역,208000010,126.9211333,37.40231667
안양1번가.안양고용센터,208000065,126.9214667,37.399
안양1번가.안양역,208000186,126.9221333,37.3982
양명고.양명여고.대우아파트,208000030,126.92275,37.40713333
양명고.양명여고.대우아파트,208000045,126.9234833,37.40686667
벽산상가.2001아울렛,208000156,126.9231667,37.39636667
안양역,208000067,126.9232333,37.40006667
남부시장,208000066,126.9238667,37.39615
안양역,208000068,126.9237667,37.39978333
안양문화원.소방서,208000050,126.9254667,37.39046667
소방서,208000178,126.92525,37.39015
서안양우체국.국제나은병원,208000001,126.9259667,37.39365
안양세무서,208000177,126.9256833,37.38913333
안양세무서,208000051,126.9259167,37.38901667
서안양우체국.국제나은병원,208000155,126.9261,37.3929
우체국사거리.안양초교.중화한방병원,208000095,126.92635,37.39451667
우체국사거리.안양초교.중화한방병원,208000114,126.9261833,37.39478333
남부시장,208000123,126.9266167,37.39668333
남부시장,208000124,126.92635,37.39718333
만안경찰서,208000052,126.9268167,37.38706667
만안경찰서,208000176,126.9266333,37.38698333
만안평생교육센터,208000053,126.9273667,37.3856
만안평생교육센터,208000175,126.9273333,37.3853
만안청소년수련관.태양철물,208000174,126.9284167,37.38353333
만안청소년수련관.태양철물,208000054,126.92855,37.38361667
농림축산검역본부,208000087,126.92875,37.38975
농림축산검역본부,208000002,126.9289,37.3901
수안재,208000173,126.9289667,37.38281667
성결대학,208000055,126.92975,37.38223333
아발론호텔.하이트타운아파트,208000122,126.93,37.39376667
아발론호텔.하이트타운아파트,208000125,126.93045,37.39363333
진흥아파트,208000115,126.9306167,37.39713333
성결대학,208000172,126.9306333,37.3823
만안구청,208000086,126.9310833,37.3869
만안구청,208000003,126.9312167,37.3873
장애인복지회관후문,208000292,126.9200167,37.41345
새마을금고,208000170,126.9317,37.38296667
주접지하도.삼익아파트,208000126,126.9319833,37.39163333
주접지하도.삼익아파트,208000121,126.9321,37.39106667
안양8동,208000171,126.9326667,37.3831
명학역,208000283,126.9358833,37.38521667
성결대학.안양아트센터.명학역,208000085,126.9332333,37.38433333
성결대학.안양아트센터.명학역,208000004,126.93365,37.38441667
평성교회.호정타워,208000120,126.9337667,37.388
평성교회.호정타워,208000127,126.9339833,37.38801667
명학역,208000128,126.9348333,37.38578333
은평교회,208000143,126.9350667,37.39168333
명학역,208000119,126.9349833,37.38466667
유토피아,208000148,126.9351,37.39088333
명학초교,208000080,126.93575,37.3821
명학초교,208000083,126.9356167,37.38163333
태광전자,208000147,126.93785,37.3903
태광전자,208000144,126.9377,37.39041667
효성티앤씨.호계대교,208000048,126.9383667,37.38063333
효성티앤씨.호계대교,208000046,126.9380833,37.38058333
명학대교,208000005,126.9385833,37.3836
미도아파트.메트로병원,208000082,126.9388667,37.37846667
명학대교.안양자동차매매단지,208000084,126.9390667,37.38331667
동아아파트,208000146,126.9392667,37.39011667
동아아파트,208000145,126.9396167,37.39016667
호현마을,208000113,126.8849667,37.40723333
안양역,208000069,126.9222333,37.40145
차고지입구,208000236,126.8935333,37.40905
관악장애인종합복지관,208000233,126.9209667,37.41171667
성원아파트3동,208000230,126.9138167,37.39506667
청원놀이터,208000207,126.91885,37.40326667
안양중앙시장,208000282,126.9219667,37.39786667
안양1번가,208000244,126.9211667,37.4004
현대아파트.안양서중학교,208000245,126.905,37.38516667
미도아파트.메트로병원,208000081,126.9394833,37.37841667
연현중학교,208000251,126.8986,37.42876667
두산위브아파트,208000284,126.8999833,37.43258333
LG아파트,208000257,126.9030167,37.42916667
석수역,208000255,126.9021167,37.43366667
석수하우스토리아파트,208000258,126.9035167,37.42715
현진에버빌아파트,208000256,126.9026167,37.4311
효성아파트.종점,208000264,126.9035167,37.39265
효성아파트입구,208000263,126.905,37.3926
효성아파트입구,208000262,126.9047167,37.39251667
사회복지관,208000260,126.9085,37.39346667
사회복지관,208000261,126.9086167,37.39321667
포스빌.안양고용센터,208000254,126.92115,37.39885
LG아파트후문,208000265,126.8990667,37.43053333
안양역시외버스터미널,208000289,126.9218,37.4011
안양시외버스정류장(하행),208000314,126.9186,37.4019
안양시외버스정류장(상행),208000315,126.919,37.40196667
안양역시외버스터미널,208000288,126.9218167,37.40115
환경사업소,208000266,126.8974167,37.41661667
환경사업소,208000267,126.8969833,37.4168
영풍아파트,208000268,126.9045833,37.41331667
영풍아파트,208000269,126.90515,37.41345
석수도서관,208000270,126.9060167,37.41181667
석수도서관,208000271,126.90625,37.4118
주공뜨란체정문,208000272,126.9272833,37.4006
덕천교,208000273,126.9367,37.3943
덕천초등학교,208000274,126.9363333,37.39258333
덕천초등학교,208000275,126.9362833,37.39245
덕천교,208000276,126.9366667,37.3945
래미안메가트리아2단지,208000277,126.9345833,37.3955
래미안메가트리아2단지,208000278,126.9346333,37.3953
메가트리아북문,208000279,126.9312,37.39586667
성결대학.안양아트센터.명학역,208000281,126.9326833,37.38501667
충훈터널.석수도서관,208000290,126.90665,37.41145
석수시장.북부새마을금고,208000307,126.9092,37.4128
명학역,208000312,126.9361667,37.38491667
금호아파트,208000294,126.9004167,37.39945
박달초교.안양고교,208000295,126.9023833,37.40038333
열린문교회,208000296,126.9050167,37.40151667
안양5동.찬우물,208000297,126.9238833,37.3919
안양5동.찬우물,208000298,126.9238,37.39221667
안양대학교,208000299,126.9215833,37.39321667
근명고등학교,208000300,126.9198667,37.39403333
안양병원,208000301,126.9243333,37.39373333
성원상떼빌1차,208000302,126.91715,37.39468333
성원상떼빌1차,208000303,126.9168833,37.39441667
안양예술공원사거리,208000304,126.9177833,37.41633333
안양예술공원사거리,208000305,126.9176,37.41628333
만안초등학교,208000306,126.9179333,37.40648333
박달교장,208000308,126.8905167,37.39245
박달초교.안양고교,208000309,126.9026833,37.40033333
박달삼거리,208000310,126.9061167,37.4022
안양2동행정복지센터,208000311,126.9187667,37.40515
샛별한양아파트.한양스포츠센터,208000313,126.9478667,37.39593333
안양7동행정복지센터,208000316,126.934,37.39155
안양7동행정복지센터,208000317,126.9340167,37.39133333
빙그레슈퍼,208000318,126.93445,37.38915
빙그레슈퍼,208000319,126.9346,37.3892
명학역,208000320,126.9355333,37.38615
명학역,208000321,126.93585,37.38578333
명학성당,208000322,126.9302167,37.38453333
만안경찰서사거리,208000323,126.9293,37.3879
소방서,208000324,126.9251333,37.39061667
안양대학교,208000325,126.9217,37.393
근명고등학교,208000326,126.9198667,37.3939
소곡마을.신성중학교,208000328,126.9236833,37.38718333
성원상떼빌,208000329,126.9187,37.39446667
성원상떼빌,208000330,126.9186667,37.39463333
신안초등학교.우성아파트,208000331,126.9140667,37.3919
신안초등학교.우성아파트,208000332,126.91415,37.39198333
어린이집,208000333,126.9143667,37.39306667
어린이집,208000334,126.9142333,37.3932
흥화아파트,208000335,126.9151667,37.39373333
흥화아파트,208000336,126.9153,37.39385
청수약국사거리,208000337,126.9186167,37.3953
안양4동행정복지센터,208000338,126.9185833,37.39548333
천주교중앙성당,208000339,126.92,37.39603333
안양4동,208000340,126.91995,37.39621667
중앙시장.부림저축은행,208000341,126.92175,37.39695
중앙시장,208000342,126.92075,37.39661667
안양1번가.남부시장앞,208000343,126.923,37.39763333
안양1번가.남부시장입구,208000344,126.9232167,37.39793333
안양1동행정복지센터.진흥아파트,208000345,126.9275333,37.39988333
안양지하차도,208000346,126.9273667,37.40006667
주공뜨란체아파트,208000347,126.92455,37.4001
주공뜨란체아파트,208000348,126.9242833,37.40023333
안양역.삼성래미안,208000349,126.9233667,37.40175
안양역후문,208000350,126.9231,37.40186667
한양수자인아파트,208000351,126.92015,37.4059
경남아너스빌,208000352,126.9201333,37.40543333
양명고.양명여고.대우아파트,208000353,126.9213833,37.4066
양명고등학교.대우아파트,208000354,126.92125,37.40651667
만안초등학교,208000355,126.9177,37.40645
안양2동행정복지센터,208000356,126.9192,37.40496667
안양교남단,208000357,126.9164333,37.408
안양교남단,208000358,126.9163833,37.40835
영화아파트,208000359,126.9141167,37.41081667
영화아파트,208000360,126.9142667,37.41095
만안교,208000361,126.9121667,37.41445
석수교회,208000362,126.9107667,37.41621667
안양박물관.김중업건축박물관,208000363,126.91805,37.41758333
안양박물관.김중업건축박물관,208000364,126.91815,37.41748333
안양예술공원종점.갈메산기도원입구,208000365,126.9204333,37.41896667
박달교장,208000366,126.8905,37.39251667
금호아파트,208000367,126.9001667,37.3995
열린문교회,208000368,126.905,37.40131667
1580부대서조레스텔,208000369,126.8988667,37.39825
1580부대서조레스텔,208000370,126.8989,37.39813333
우성아파트,208000371,126.90815,37.40113333
우성아파트,208000372,126.9083333,37.40125
진흥아파트,208000373,126.9109833,37.40005
진흥아파트,208000374,126.9110333,37.39995
보건소.만안구청,208000286,126.9328667,37.38618333
보건소.만안구청,208000285,126.9326833,37.38593333
안양세무서,208000375,126.9252333,37.38935
안양세무서,208000376,126.92535,37.38928333
안양대교(마을),208000377,126.9144167,37.41038333
안양대교(마을),208000378,126.9145333,37.41048333
래미안메가트리아1단지,208000379,126.9325667,37.39643333
창박골,208000027,126.9022333,37.38423333
래미안메가트리아상가앞,208000252,126.9307167,37.39691667
서초빌라,208000382,126.89915,37.40453333
안양8동주민센터,208000383,126.93135,37.38316667
호현마을.박달주유소,208000384,126.8850167,37.40375
고용노동부안양지청.명학자동차운전전문학원,208000280,126.9382,37.3862
고용노동부안양지청.명학자동차운전전문학원,208000036,126.9384667,37.3861
대림대학,209000002,126.92815,37.4014
대림대학,209000003,126.9292667,37.40111667
비산농협,209000044,126.93265,37.39793333
비산사거리.이마트,209000045,126.93555,37.399
비산사거리.이마트,209000043,126.93635,37.39865
이마트.비산사거리,209000177,126.9371667,37.3969
삼성래미안아파트,209000046,126.9384333,37.39905
이마트.비산사거리,209000178,126.93885,37.39668333
비산롯데캐슬,209000042,126.9388167,37.39863333
비산힐스테이트,209000176,126.9411667,37.39421667
관악타운,209000179,126.9415,37.3946
안양감리교회,209000149,126.9425833,37.38963333
안양감리교회,209000145,126.9422833,37.38978333
미륭아파트,209000041,126.94265,37.39868333
효성티앤씨.진영레미콘,209000119,126.94295,37.38518333
효성티앤씨.진영레미콘,209000118,126.9432167,37.38496667
동양월드타워,209000047,126.9443333,37.39908333
경원여객안양차고지,209000117,126.9448667,37.38673333
경원여객안양차고지,209000120,126.9446167,37.38655
부흥고등학교,209000134,126.9450667,37.39183333
안양우편물류센터후문,209000146,126.9448167,37.38943333
부흥고교,209000180,126.9450333,37.39255
안양우편물류센터후문,209000148,126.9451333,37.3893
부흥고교,209000175,126.94535,37.39236667
부흥고등학교.임광아파트,209000147,126.9454833,37.3908
은하수청구아파트,209000060,126.9463,37.39216667
부흥동행정복지센터,209000068,126.9466667,37.3935
경기게임마이스터고등학교,209000092,126.9467,37.39711667
부흥초교.부흥중학교,209000061,126.9467833,37.394
경기게임마이스터고등학교,209000081,126.9468833,37.39743333
은하수벽산아파트,209000069,126.94705,37.39193333
안양우편물류센터,209000110,126.9472,37.38811667
안양우편물류센터,209000093,126.9470667,37.38841667
삼호아파트,209000048,126.9475667,37.40088333
삼호아파트,209000040,126.9482167,37.40073333
한전.호계체육관,209000155,126.9487667,37.38215
범계사거리.호평지하도,209000016,126.9487667,37.38823333
범계사거리.호평지하도,209000018,126.9490833,37.3887
한전.호계체육관,209000156,126.9489333,37.38226667
동안구청.달안초등학교,209000091,126.9497333,37.39308333
동안구청.달안초등학교,209000082,126.9499333,37.3933
동안경찰서.범계역,209000094,126.9496667,37.39066667
롯데백화점.범계역,209000135,126.9500333,37.3903
안양국제유통단지.홈플러스,209000078,126.9503833,37.37121667
호계도서관,209000154,126.95035,37.38195
삼신아파트,209000143,126.9506167,37.36771667
안양국제유통단지.홈플러스,209000077,126.9503167,37.37086667
샛별단지,209000062,126.95075,37.39616667
샛별한양아파트,209000067,126.9509,37.39595
삼신아파트,209000144,126.95095,37.36743333
종합운동장,209000039,126.9511833,37.4017
내촌마을,209000015,126.951,37.38533333
호계도서관,209000157,126.9509,37.38226667
동편수변공원앞,209000019,126.9699833,37.40636667
종합운동장,209000049,126.9513667,37.40228333
범계역(중),209000017,126.95175,37.3895
범계역,209000095,126.9519167,37.38961667
목련선경아파트,209000090,126.9523167,37.38831667
목련선경아파트,209000083,126.9525167,37.3884
방축사거리,209000126,126.9527833,37.38201667
무궁화한양아파트.방축사거리,209000020,126.95345,37.38196667
동안구청,209000131,126.9531,37.39203333
문화의거리,209000109,126.9530667,37.3916
유통단지사거리,209000008,126.9541333,37.36858333
유통단지사거리,209000009,126.95415,37.36825
범계중학교,209000089,126.9543,37.38461667
호계중학교.신기사거리,209000125,126.9545667,37.37871667
수촌마을,209000038,126.9547833,37.40236667
범계중학교,209000084,126.9547,37.38456667
무궁화코오롱.건영아파트,209000021,126.9548667,37.37935
청록웨딩부페.군포사거리,209000079,126.95545,37.36753333
수촌마을,209000050,126.9554167,37.40301667
봄빛병원,209000096,126.9549667,37.39021667
무궁화태영아파트,209000124,126.9553833,37.37718333
부림중학교,209000066,126.95545,37.39755
무궁화태영아파트,209000022,126.9558333,37.37758333
부림중학교,209000063,126.9554667,37.39778333
무궁화효성한양아파트,209000088,126.9555,37.38235
농협.홈플러스,209000010,126.9558167,37.3699
무궁화금호아파트,209000085,126.9558833,37.38233333
무궁화금호아파트,209000059,126.9560333,37.38376667
농협.홈플러스,209000007,126.9559667,37.36955
무궁화코오롱.건영아파트,209000087,126.9563333,37.38091667
한가람삼성아파트,209000064,126.9564333,37.40003333
무궁화진흥아파트,209000086,126.9567833,37.3807
안양시청,209000097,126.95865,37.39395
공작마을럭키아파트,209000065,126.9568833,37.40026667
목련우성아파트,209000070,126.9572333,37.38455
호계종합시장,209000023,126.95765,37.37406667
금성마을,209000123,126.95735,37.37325
안양시청,209000108,126.95765,37.39315
호계사거리.호계전통시장,209000122,126.9575833,37.37105
호계사거리.호계전통시장.윌스기념병원,209000024,126.9580833,37.37171667
한성병원.호계3동행정복지센터,209000121,126.9577833,37.36871667
평촌시립도서관,209000128,126.9582333,37.39626667
호계3동행정복지센터,209000025,126.9584833,37.36723333
평촌시립도서관,209000136,126.9585667,37.39641667
법원검찰청.안양과천교육지원청,209000137,126.9592667,37.39516667
학원가사거리.먹자골목,209000174,126.9592167,37.38453333
호계사거리,209000006,126.9593167,37.3704
호계사거리,209000011,126.9596667,37.37096667
관양중학교,209000037,126.96055,37.40341667
평촌학원가.먹자거리,209000173,126.96025,37.3826
평촌학원가.먹자거리,209000181,126.9606833,37.38273333
중앙공원,209000130,126.9611833,37.39083333
현대.대림아파트,209000026,126.9612167,37.36278333
관양중학교,209000051,126.9611833,37.40406667
한림대병원,209000132,126.9614333,37.39115
관양중학교,209000227,126.9617,37.40363333
향촌현대아파트,209000071,126.9615833,37.38598333
자유공원.평촌아트홀,209000172,126.9616833,37.37838333
자유공원.평촌아트홀,209000182,126.96215,37.37916667
호계소방파출소,209000080,126.9621333,37.3719
자유공원,209000183,126.96255,37.3774
호계소방파출소,209000005,126.9625,37.37166667
현대아파트,209000058,126.96265,37.38596667
법원검찰청.평촌역,209000107,126.9624167,37.3948
초원세경아파트,209000073,126.9627333,37.38971667
덕현초교,209000171,126.9628167,37.3759
향촌현대아파트,209000072,126.963,37.38748333
법원검찰청.평촌역,209000098,126.9631667,37.3955
초원대림아파트,209000057,126.9634333,37.3875
덕고개사거리,209000012,126.9635,37.3725
평촌공고,209000170,126.9636167,37.37435
초원성원아파트,209000056,126.9634333,37.38971667
평촌공고,209000184,126.9639,37.3749
평촌역,209000075,126.9645833,37.39426667
평촌역,209000054,126.96465,37.39471667
귀인중학교,209000159,126.9647167,37.38423333
평안동행정복지센터.동안고등학교,209000055,126.9647333,37.39016667
안양교도소후문,209000001,126.9649833,37.37211667
귀인중학교,209000160,126.9651333,37.38433333
평안동행정복지센터,209000074,126.9650167,37.3905
중촌마을,209000036,126.9655833,37.40428333
중촌마을,209000052,126.9654667,37.4048
한신아파트,209000161,126.9666167,37.38321667
초원한양아파트,209000167,126.96705,37.3905
한신아파트,209000158,126.9671,37.38296667
동안고등학교정문,209000166,126.96695,37.39008333
농수산물시장,209000129,126.9675667,37.38121667
농수산물시장,209000133,126.9679,37.38193333
안양시자원회수시설,209000106,126.9683333,37.39578333
안양시자원회수시설,209000099,126.9683,37.39615
꿈마을라이프,209000165,126.9687333,37.38676667
꿈마을단지,209000164,126.9689833,37.3849
꿈마을단지,209000168,126.9691,37.38663333
부림마을,209000115,126.9693833,37.40505
농수산물도매시장,209000163,126.9697167,37.3838
부림마을.관양2동행정복지센터,209000035,126.96995,37.40455
안양남초등학교,209000014,126.97015,37.37906667
농수산물도매시장,209000169,126.9704333,37.38418333
농수산물시장.포일단지입구,209000027,126.9720667,37.38306667
평촌차고지,209000076,126.9694333,37.39748333
민백마을,209000028,126.9724167,37.38706667
평촌차고지,209000053,126.9692167,37.39731667
민백마을,209000114,126.9730167,37.38741667
오뚜기식품.두산벤처다임,209000029,126.974,37.39183333
대우자동차서비스,209000105,126.9744,37.3963
인덕원역4호선.인덕원성당,209000034,126.9738833,37.40351667
대륭테크노타운,209000100,126.97485,37.39666667
나눔초등학교.오뚜기식품.두산번체다임,209000113,126.9743833,37.39158333
평촌동행정복지센터.KT동안양지점.인덕원대우아파트,209000030,126.97505,37.39425
인덕원역4호선,209000032,126.9751,37.40281667
대우아파트.KT동안양지점.평촌동행정복지센터,209000162,126.9755667,37.39401667
인덕원역4호선,209000116,126.9756167,37.40313333
평촌동행정복지센터.인덕원대우아파트,209000112,126.9761,37.39521667
인덕원사거리.인덕원역,209000031,126.9764333,37.40088333
평촌노인정,209000104,126.9770833,37.3942
인덕원역4호선,209000142,126.9771833,37.40005
평촌동행정복지센터,209000101,126.9768333,37.39451667
인덕원초교.삼성아파트,209000111,126.9772667,37.39793333
인덕원역4호선,209000151,126.9777833,37.40085
인덕원역4호선,209000152,126.9780667,37.40113333
삼성아파트.대우아파트,209000103,126.9786333,37.39375
삼성아파트.대우아파트,209000102,126.9786833,37.39395
인덕원삼성아파트.인덕원고등학교,209000150,126.9794667,37.39906667
인덕원삼성아파트.인덕원고등학교,209000153,126.9804333,37.39875
인덕원삼호아파트,209000186,126.9823167,37.39748333
인덕원삼호아파트,209000185,126.98185,37.39741667
동편1단지후문,209000220,126.9657833,37.41021667
평촌고등학교,209000206,126.9539,37.38593333
동편수변공원앞,209000219,126.9699167,37.40656667
목련신동아아파트,209000223,126.9531667,37.38696667
목련마을,209000221,126.9513,37.3859
호계아크로리버,209000224,126.9558833,37.36686667
LS타워,209000225,126.9477167,37.37256667
LS타워,209000226,126.9484333,37.37241667
덕고개사거리,209000004,126.9659,37.3729
샘마을.대안중학교,209000013,126.9670833,37.37481667
한림대병원,209000231,126.9630667,37.39301667
부안중학교,209000233,126.9620333,37.3988
힐스테이트에코평촌.부안중학교,209000234,126.9624333,37.39773333
부림초등학교,209000235,126.95975,37.39926667
부안중학교,209000236,126.9601167,37.39913333
부림동행정복지센터,209000237,126.9582167,37.39873333
공작마을.부영아파트,209000238,126.95815,37.39846667
호계삼거리.디오슈페리움,209000241,126.9576,37.36571667
태영아파트,209000243,126.9584,37.3793
호계삼거리.디오슈페리움,209000240,126.9580167,37.36616667
종합운동장,209000260,126.9496,37.40366667
안양인라인경기장,209000266,126.9504333,37.40913333
안양비산동종점,209000265,126.9508667,37.41136667
종합운동장수영장.비산동교회,209000267,126.94995,37.40691667
안양비산동종점,209000264,126.9512167,37.4113
대림아파트,209000229,126.9426667,37.39901667
안양인라인경기장,209000263,126.9507167,37.40931667
종합운동장,209000268,126.9492333,37.40375
행복마을아파트,209000262,126.9504,37.40706667
동편1단지후문,209000246,126.9657,37.41011667
관악초등학교,209000247,126.9675667,37.40783333
관악초등학교,209000248,126.9679667,37.40775
동편마을1단지,209000249,126.9683333,37.41093333
동편마을1단지,209000250,126.9686,37.41088333
안양.범계(공항버스),209000277,126.9479,37.3909
동편마을2단지,209000251,126.972,37.41105
해오름공원.동편마을4단지후문,209000254,126.9713833,37.4078
관양2동행정복지센터,209000255,126.9708167,37.40271667
금강펜터리움IT타워,209000257,126.9698167,37.40093333
동일테크노타운,209000258,126.9703,37.40128333
동편마을2단지,209000252,126.9723333,37.4103
해오름공원.동편마을4단지후문,209000253,126.9715,37.40875
동편마을입구,209000259,126.9718333,37.40511667
종합운동장정문,209000261,126.9500167,37.40561667
귀인동행정복지센터,209000269,126.9693,37.38518333
한가람한양아파트,209000239,126.953,37.40001667
한가람삼성아파트,209000270,126.9556667,37.40085
롯데백화점.범계역(시외),209000395,126.9501167,37.39038333
평촌스마트베이.오비즈타워,209000271,126.9691667,37.39935
평촌스마트베이.오비즈타워,209000272,126.9689667,37.3992
동편프라자.스마트프라자,209000273,126.9712833,37.40663333
동편프라자.스마트프라자,209000274,126.9710333,37.40661667
비산화성파크드림,209000275,126.9318167,37.39893333
학운공원,209000276,126.9500667,37.39906667
샛별아파트,209000279,126.9529667,37.39606667
KT안양지사,209000280,126.9543667,37.3935
관양고등학교,209000281,126.9600667,37.4079
현대아파트앞,209000282,126.9578667,37.40596667
안양시청후문,209000283,126.9570167,37.39486667
무궁화진흥아파트,209000284,126.9590333,37.38025
호계중학교입구,209000285,126.9540333,37.37776667
한림대병원,209000286,126.9623333,37.39253333
초원대원아파트,209000287,126.9677833,37.38861667
초원럭키아파트,209000288,126.9679833,37.38878333
새중앙교회,209000289,126.9706667,37.3885
꿈마을우성아파트,209000290,126.9704833,37.3882
학운공원,209000292,126.9492,37.399
안양시의회,209000293,126.9549333,37.39343333
한가람한양아파트,209000294,126.9527667,37.4002
초원부영아파트,209000295,126.9657333,37.39225
샛별한양아파트.한양스포츠센터,209000296,126.9482167,37.39595
한가람삼성아파트,209000297,126.9555833,37.40106667
공작럭키아파트,209000298,126.9577167,37.40171667
평촌경영고등학교,209000299,126.9592167,37.4014
귀인초등학교,209000300,126.9657667,37.38696667
목련두산아파트.평촌고등학교,209000301,126.9553667,37.38688333
목련우성아파트,209000302,126.95525,37.38711667
안양법원,209000303,126.9633833,37.39678333
중앙공원,209000305,126.9595667,37.38838333
중앙공원,209000306,126.9593833,37.38856667
평촌중학교,209000307,126.9610833,37.38891667
평촌중학교,209000308,126.96145,37.38926667
샘마을대우.한양아파트,209000309,126.9655833,37.37613333
대안여자중학교,209000310,126.96575,37.37621667
샘마을.대안중학교,209000311,126.9675667,37.3778
샘마을쌍용.우방아파트,209000312,126.9678167,37.37776667
신기중학교.평촌더샵아이파크아파트,209000313,126.9594833,37.3788
평촌공업고등학교,209000314,126.9620667,37.374
평촌공업고등학교,209000315,126.9624,37.37386667
덕현초등학교,209000316,126.9614833,37.3751
무궁화태영아파트.평촌더샵아이파크,209000317,126.9579667,37.37773333
일심교회,209000318,126.9602167,37.37741667
일심교회,209000319,126.9608167,37.3769
H마트,209000320,126.961,37.37611667
H마트.평촌더샵아이파크아파트,209000321,126.96135,37.37586667
덕현초등학교,209000322,126.9618667,37.37488333
신기중학교,209000323,126.9601167,37.37818333
호계중학교입구,209000324,126.9541167,37.37763333
LG럭키아파트,209000325,126.9530833,37.377
LG연구소후문,209000326,126.954,37.37486667
LG연구소후문,209000327,126.9540333,37.37498333
호계성당입구,209000328,126.9544,37.37385
호계성당입구,209000329,126.9544833,37.37376667
LG연구소정문,209000330,126.9538167,37.37188333
LG연구소정문,209000331,126.9540333,37.37193333
홈플러스.국제유통단지후문,209000332,126.9539167,37.37093333
홈플러스.국제유통단지후문,209000333,126.9541333,37.37085
평촌도서관,209000334,126.95835,37.39535
진흥아파트정문,209000335,126.9304333,37.39785
새마을금고,209000336,126.9331833,37.39975
대림대앞.공영주차장,209000337,126.9325,37.40265
임곡주공2단지,209000338,126.9307,37.40055
대림대학,209000339,126.9308333,37.40203333
대림대학후문,209000340,126.9314333,37.4023
양성교회,209000341,126.9325,37.40345
양성교회,209000342,126.9325167,37.40323333
평화보육원,209000343,126.9330333,37.40431667
평화보육원,209000344,126.9333167,37.40446667
임곡주공아파트,209000345,126.9337833,37.40603333
임곡주공아파트,209000346,126.9339333,37.40581667
평촌도서관,209000347,126.95775,37.39535
안양교육지원청,209000348,126.95945,37.39596667
안양교육지원청,209000349,126.95955,37.39578333
안양광역등기소,209000350,126.9623333,37.39696667
법원.검찰청,209000351,126.9625,37.3968
세경아파트후문,209000352,126.9536,37.39585
LG럭키아파트,209000353,126.9529833,37.37666667
수촌마을,209000354,126.9564333,37.40575
명문약국,209000355,126.955,37.40583333
성원아파트입구,209000356,126.9527,37.40591667
운동장치안센터,209000357,126.9516,37.40371667
성원아파트입구,209000358,126.9544333,37.40375
수촌마을,209000359,126.95655,37.4038
비산초등학교,209000360,126.9439333,37.4061
비산초등학교,209000361,126.9441667,37.40565
비산3동행정복지센터,209000362,126.9452,37.40396667
비산3동행정복지센터,209000363,126.9454,37.40405
삼호아파트,209000364,126.9462167,37.4025
삼호뉴타운아파트,209000365,126.9464167,37.40233333
대주아파트.비산감리교회,209000366,126.9450333,37.40043333
동양아파트,209000367,126.9452,37.40046667
홈플러스.동안구청,209000368,126.9514833,37.39323333
동안구청.동안구보건소.우체국,209000369,126.9519667,37.39318333
중앙공원,209000370,126.9591167,37.39163333
비산사거리.이마트(마을),209000371,126.93495,37.39775
스마트스퀘어.대한전선앞,209000396,126.96555,37.39588333
GS파워,209000372,126.9662333,37.3919
현대아파트,209000373,126.95815,37.40595
종합운동장북문,209000374,126.9475167,37.4066
종합운동장북문,209000375,126.94765,37.40676667
종합운동장수영장,209000376,126.94905,37.40653333
종합운동장수영장,209000377,126.9492833,37.40666667
종합운동장정문,209000378,126.9503,37.40606667
종합운동장정문(마을),209000379,126.94965,37.40575
공작럭키아파트,209000380,126.9577667,37.4015
범계역.엔씨백화점,209000304,126.95145,37.39101667
평촌경영고등학교,209000381,126.9595333,37.40158333
스마트스퀘어체육공원,209000382,126.9645833,37.39893333
뉴젠스,209000383,126.96495,37.4004
관양두산벤처다임.네비웍스,209000384,126.96615,37.40201667
안양메가벨리,209000385,126.9689833,37.40213333
뷰윅스,209000386,126.9658667,37.39948333
더샵센트럴시티,209000387,126.9640833,37.39893333
관양고등학교,209000388,126.9603167,37.40786667
평촌스마트스퀘어,209000389,126.9664167,37.39748333
신한은행,209000390,126.9574,37.40396667
신한은행,209000391,126.9571667,37.40405
LS어린이집,209000392,126.9494667,37.37266667
호계푸르지오아파트,209000393,126.95075,37.3741
관악부영아파트,209000278,126.94495,37.397
관악타운정문,209000291,126.943,37.39625
범계역,209000394,126.9526667,37.38943333
청소년수련관,209000397,126.9503667,37.39193333
호계시외버스정류장,209000398,126.9541,37.38075
뷰윅스,209000232,126.9659667,37.39938333
비산로제비앙,209000399,126.93195,37.39938333
안양남초등학교입구,209000400,126.9674833,37.3781
평촌스마트스퀘어,209000401,126.9662,37.39743333
부림초등학교,209000402,126.9608167,37.4001
스마트베이(마을),209000228,126.9683667,37.39903333
서호전기,209000138,126.94195,37.38645
서호전기,209000139,126.94205,37.38655
호계2동자율방범대앞,209000140,126.9462833,37.38586667
호계2동자율방범대앞,209000141,126.94635,37.38591667
효성아파트,209000187,126.9472833,37.38508333
효성아파트,209000188,126.94755,37.38495
신도브래뉴아파트,209000189,126.9478333,37.38416667
신도브래뉴아파트,209000190,126.9480167,37.38401667
안양농수산물시장,209000191,126.9702,37.38246667
초원대원아파트,209000192,126.96705,37.38765
서조레스텔,208506940,126.8955333,37.39668333
안양도시농업체험농장,208506900,126.88515,37.38873333
안양도시농업체험농장,208507230,126.8847833,37.3887
관동교장,208508330,126.8829333,37.3872
LS타워(마을),209508810,126.9471,37.37298333
서조레스텔,208506930,126.89475,37.39625
