NODE_ID,NODE_TYPE,NODE_NAME,TURN_P,REMARK,lon,lat
"2090019000","101","-","0",,126.94869939,37.39529446
"2090018000","103","-","0",,126.94676751,37.39378884
"2080008200","103","-","0",,126.91050498,37.39339671
"2080007800","103","-","0",시스템노드,126.91419092,37.39279878
"2080007100","101","-","0",,126.90960726,37.39118268
"2080005800","101","-","0",,126.90970182,37.38937962
"2080006900","101","-","0",,126.90883248,37.39109187
"2080007000","102","-","0",,126.90792126,37.39109190
"2080005400","102","-","0",,126.88350982,37.38759656
"2080007700","102","-","0",,126.90293760,37.39279371
"2080004900","101","-","0",,126.90677057,37.38605409
"2080004300","102","-","0",,126.90093445,37.38414268
"2080003600","102","-","0",,126.90816926,37.38291490
"2090003200","101","-","0",,126.94532701,37.39126231
"2090003300","101",부흥삼거리,"1",,126.94446336,37.39194775
"2090002700","101",범계사거리,"1",,126.94812345,37.38905806
"2090002900","103","-","0",시스템노드,126.94668876,37.39018224
"2090003100","104",범계지하차도,"0",,126.94592607,37.39078543
"2090013800","101","-","1",,126.94700073,37.38814974
"2090015000","101","-","0",,126.94865773,37.39045331
"2090015900","101","-","0",,126.94774342,37.39118400
"2090014900","101","-","0",,126.94419623,37.39035749
"2090014300","101","-","0",,126.94551654,37.38929003
"2090016900","101","-","0",,126.94563586,37.39286828
"2090014500","101","-","0",,126.94328351,37.38960543
"2090013400","101","-","1",,126.94526039,37.38674800
"2090012900","101","-","1",,126.94349604,37.38532434
"2090011300","101","-","0",,126.94867536,37.38233346
"2090009200","101","-","0",,126.94741298,37.37976428
"2090009000","102","-","0",,126.94515267,37.37938518
"2080007500","101","-","1",,126.93143204,37.39225146
"2080006600","101","-","0",,126.93518426,37.39073071
"2080007400","101","-","0",,126.93491548,37.39200481
"2080006500","101","-","1",,126.93273132,37.39064309
"2080006800","101","-","0",,126.93392060,37.39089637
"2080006000","101","-","0",,126.93299286,37.38990403
"2080006200","101","-","1",,126.93284204,37.39017112
"2080007200","101","-","1",,126.93214111,37.39124412
"2080006700","101","-","1",,126.93240792,37.39078412
"2080007600","103","-","0",시스템노드,126.93425648,37.39251884
"2080005900","101","-","0",,126.92560132,37.38956003
"2080006400","101","-","1",,126.92826836,37.39059725
"2080005600","101",도서관사거리,"1",,126.93009173,37.38839609
"2080005700","101","-","1",,126.92942101,37.38920362
"2080007300","101",현충사거리,"1",,126.92744573,37.39158403
"2080005200","101","-","0",,126.92653426,37.38746125
"2080005300","101","-","0",,126.92372151,37.38753784
"2080006300","101","-","1",,126.92520636,37.39039925
"2080008000","101","-","0",,126.92305995,37.39299734
"2080007900","102","-","0",,126.91864807,37.39288037
"2080005500","103","-","0",시스템노드,126.91556154,37.38783562
"2080006100","101",전파교,"0",,126.94094282,37.38993393
"2080005100","101","-","0",,126.93434039,37.38688771
"2080004800","101",만안구청사거리,"1",,126.93226420,37.38579199
"2080004700","101","-","0",,126.93585482,37.38557728
"2080004600","103","-","1",시스템노드,126.93489842,37.38532825
"2080004200","101","-","0",,126.92836167,37.38373124
"2080004500","103","-","1",시스템노드,126.93308064,37.38481328
"2080004400","102","-","0",,126.92217404,37.38474703
"2090013500","101",호안교,"0",,126.94153479,37.38691134
"2080005000","101",호안교,"0",,126.94066842,37.38670087
"2090012300","101",명학대교사거리/명학대교,"1",,126.94071679,37.38399862
"2080003900","101",명학육교,"0",,126.93540423,37.38337168
"2080003800","101",명학육교,"1",,126.93655976,37.38323784
"2080003700","101","-","0",,126.93675861,37.38322162
"2080003500","101","-","0",,126.92984701,37.38195950
"2080003300","102","-","0",,126.92728445,37.38107309
"2090010100","104",호계대교,"0",,126.93926967,37.38085446
"2090009500","104",동양교,"0",,126.93995051,37.38023640
"2080003400","101","-","0",,126.93754526,37.38130028
"2080003100","101",동양교,"0",,126.93912092,37.37978287
"2080003200","101",호계대교,"1",,126.93893445,37.37996415
"2080004100","101",성결대학교사거리,"1",,126.93412004,37.38357296
"2080004000","101",금당사거리/명학대교,"1",,126.93951629,37.38354153
"2090014600","101",전파교,"1",,126.94184967,37.38980537
"2090015300","101","-","0",,126.94168551,37.39091696
"2080008100","101","-","0",,126.93065417,37.39327021
"2080010500","101",안양3동사무소앞삼거리,"0",,126.91448810,37.39616506
"2080013100","101","-","0",,126.89878223,37.40166196
"2080014300","101","-","0",,126.90293661,37.40294703
"2080002101","103","-","0",시스템노드,126.91052689,37.41918940
"2080002301","101","-","0",,126.90683098,37.42301674
"2080002300","103","-","0",시스템노드,126.90659804,37.42343731
"2080019700","101","-","0",,126.90633223,37.41117512
"2080014000","101","-","0",,126.91285926,37.40260834
"2080017500","101",안양대교,"1",,126.91333764,37.40853356
"2080017600","104",고가도로,"0",,126.91358526,37.40861699
"2080009600","101",양능교,"0",,126.91309467,37.39514903
"2080009200","101",양능교,"1",,126.91312351,37.39479793
"2080011200","101",안양공전삼거리,"0",,126.91386032,37.39694696
"2080018100","101",안양대교사거리/안양대교,"1",,126.91243776,37.40962390
"2080012300","101",안양공고뒷편오거리,"1",,126.91284751,37.39993134
"2080008400","101","-","1",,126.91346464,37.39369656
"2080010400","102",안양공업전문대,"0",,126.91025754,37.39610290
"2080013900","101",박달사거리,"0",,126.91049342,37.40258034
"2080021200","101","-","1",,126.90955273,37.41794281
"2080020200","101",석수전화국사거리,"1",,126.90967795,37.41294162
"2080009900","102","-","0",,126.91107117,37.39551534
"2080008900","103","-","0",,126.91200570,37.39420840
"2080020800","101","-","1",,126.91095776,37.41618000
"2080002100","101",삼막삼거리,"1",,126.90836464,37.42102865
"2080010800","101","-","0",,126.91210817,37.39648403
"2080020600","103",안양유원지사거리,"0",시스템노드,126.91184439,37.41412909
"2080013800","101",우성아파트사거리,"1",,126.90796867,37.40257815
"2080002200","101","-","0",,126.90790739,37.42146265
"2080017100","101",박석교,"0",,126.90776401,37.40707846
"2080017800","103","-","0",시스템노드,126.89359001,37.40912456
"2080017700","103","-","0",시스템노드,126.89401420,37.40881746
"2080015100","103","-","0",시스템노드,126.89356876,37.40427687
"2080016200","103","-","0",시스템노드,126.88974986,37.40558715
"2080014700","101",충훈2교,"1",,126.89557279,37.40315649
"2080022000","102","-","0",,126.90099151,37.42400350
"2080023600","103","-","0",시스템노드 (조사 : 도로종점),126.90079051,37.43444381
"2080023100","102","-","0",,126.90126270,37.43074903
"2080022800","101","-","0",,126.90165101,37.42871203
"2080022700","102","-","0",,126.90081064,37.42859196
"2080022500","101","-","0",,126.90167914,37.42667721
"2080011800","101","-","0",,126.89876407,37.39813734
"2080015400","101",충훈2교,"0",,126.89662085,37.40441231
"2080017000","101","-","0",,126.89546273,37.40703071
"2080021100","101","-","0",,126.89604414,37.41791456
"2080013700","101","-","0",,126.90060107,37.40256353
"2080013200","101","-","1",,126.90113792,37.40192184
"2080014400","101","-","1",,126.89630742,37.40305265
"2080014500","101",안양여고사거리,"1",,126.89571707,37.40305590
"2080014200","101","-","1",,126.89609123,37.40281925
"2080018000","103",안양대교사거리,"0",시스템노드,126.89740876,37.40945853
"2080017200","103","-","0",시스템노드,126.89754736,37.40749984
"2080015300","103","-","0",시스템노드,126.89865907,37.40433443
"2080023300","103","-","0",시스템노드,126.90006545,37.43281384
"2080020000","101","-","0",,126.89190198,37.41176337
"2080019800","104",충훈터널,"0",,126.89436354,37.41150318
"2080016700","101","-","1",,126.88532951,37.40654262
"2080018500","103","-","0",,126.89242007,37.41002828
"2080015900","101",호현삼거리,"1",,126.88736761,37.40543899
"2080018400","103","-","0",시스템노드,126.89339523,37.40998506
"2080018800","103","-","0",시스템노드,126.89401307,37.41051271
"2080002701","103","-","0",,126.90452870,37.42891218
"2080021700","103","-","0",시스템노드,126.90622670,37.42227256
"2080021600","101",석수주유소삼거리,"1",,126.90695582,37.42108584
"2080017400","101",박석교,"0",,126.90711145,37.40824637
"2080020900","101",갈현삼거리,"1",,126.90676054,37.41648287
"2080020400","103","-","0",시스템노드,126.90707257,37.41402978
"2080013500","103","-","0",,126.90579376,37.40247675
"2080002600","101",안양육교삼거리,"1",,126.90572979,37.42502999
"2080002700","101","-","0",,126.90520879,37.42652728
"2080021800","108","-","0",,126.90563995,37.42322815
"2080020300","101","-","0",,126.90627951,37.41339987
"2080019900","101","-","0",,126.90618926,37.41167100
"2080013600","101",박달삼거리,"1",,126.90648798,37.40253181
"2080021000","103","-","0",시스템노드,126.90685364,37.41788006
"2080020500","103","-","0",시스템노드,126.90637339,37.41407296
"2080022100","101",연현오거리,"0",,126.90504692,37.42445018
"2080022900","101","-","0",,126.90314370,37.42887368
"2080019600","104",충훈터널,"0",,126.90311798,37.41117006
"2080023400","101",문형동삼거리,"0",,126.90231211,37.43300378
"2080015000","101","-","0",,126.90373607,37.40420465
"2080013300","101","-","1",,126.90308107,37.40215309
"2080019500","101","-","0",,126.90378232,37.41115315
"2080016000","101",충훈1교,"1",,126.90287748,37.40547921
"2080015500","101",충훈1교,"0",,126.90353886,37.40446993
"2080022400","101","-","0",,126.90435520,37.42508274
"2080023500","103","-","0",시스템노드 (조사 : 도로종점),126.90208307,37.43418396
"2080022300","103","-","1",시스템노드,126.90488595,37.42464787
"2080020700","101","-","1",,126.90819429,37.41472865
"2080008300","101","-","0",,126.91426536,37.39366928
"2090004300","101","-","0",,126.93553607,37.39776824
"2090005301","101","-","1",,126.93913892,37.39882018
"2090024000","101","-","0",,126.93142945,37.40243590
"2090004700","101","-","1",,126.94394279,37.39885781
"2090004900","103","-","1",,126.94312448,37.39881518
"2090005100","103","-","1",,126.94072764,37.39881878
"2090004600","101",비산사거리,"1",,126.93346654,37.39853240
"2090004500","101","-","0",,126.93303439,37.39829565
"2090003700","101",덕촌교,"1",,126.94030048,37.39520631
"2090003800","104",덕촌교,"0",,126.93959314,37.39576784
"2090005800","104",비산지하차도,"0",,126.92980982,37.40030271
"2090005801","101",임곡교,"0",,126.92922989,37.40080440
"2090005802","101",안일교,"1",,126.92826451,37.40166400
"2090006100","103","-","1",시스템노드,126.92786060,37.40201712
"2080000700","101","-","1",,126.92309976,37.40705846
"2080000900","101","-","0",,126.92249614,37.40817434
"2080001301","101","-","0",,126.92046270,37.41209321
"2080001500","104",유원지고가차도,"0",,126.91942489,37.41405421
"2080001700","101",안양유원지사거리,"0",,126.91740657,37.41548615
"2080001900","104",유원지고가차도,"0",,126.91468167,37.41643231
"2090004000","101",비산지하차도,"1",,126.93821801,37.39670571
"2090005701","103","-","0",,126.94848070,37.40120412
"2090005700","101","-","1",,126.94728673,37.40039484
"2090005600","101","-","1",,126.94500979,37.39903721
"2090005501","101","-","1",,126.93449536,37.39867784
"2090024400","101","-","0",,126.94696517,37.40343690
"2090024900","101","-","0",,126.94776070,37.40395600
"2090026000","101","-","0",,126.94350267,37.40632571
"2090025200","101","-","0",,126.94395776,37.40431462
"2090025700","101","-","0",,126.94391642,37.40588581
"2090020300","103","-","0",,126.94510420,37.39722615
"2090024200","101","-","0",,126.94483035,37.40289718
"2090020800","101","-","0",,126.94616354,37.39783896
"2090021100","104",학운교,"0",,126.94576389,37.39825337
"2090021500","104",학운교,"0",,126.94521879,37.39881859
"2090022100","101","-","0",,126.94518689,37.40055762
"2090024800","101","-","0",,126.94539682,37.40380546
"2090026200","101","-","0",,126.94489026,37.40646125
"2090025100","101","-","0",,126.94527398,37.40430846
"2090025400","101","-","0",,126.94291679,37.40536368
"2090023700","101","-","0",,126.94627636,37.40234090
"2090019800","103","-","0",,126.94256939,37.39623884
"2080023700","103","-","0",시스템노드,126.91432092,37.43587390
"2080015700","103","-","0",시스템노드,126.92129882,37.40514899
"2080018300","103","-","0",시스템노드,126.91747648,37.40998068
"2080009100","103","-","0",시스템노드,126.91708586,37.39458096
"2080009300","103","-","0",시스템노드,126.91549479,37.39492687
"2080013400","103",카센터골목삼거리,"1",시스템노드,126.92132720,37.40228140
"2080012600","103",대동서점사거리,"1",시스템노드,126.92007176,37.40042481
"2080010600","103","-","0",시스템노드,126.92928536,37.39628565
"2090022900","101","-","0",,126.93069286,37.40180893
"2090026700","102","-","0",,126.93626432,37.40821790
"2090026500","102","-","0",,126.93253292,37.40796259
"2080010900","101","-","0",,126.93213101,37.39655643
"2080009700","101","-","0",,126.93507254,37.39518274
"2080021500","102","-","0",,126.93321101,37.41861237
"2080010300","101","-","0",,126.93146333,37.39601337
"2080009400","101","-","0",,126.93269457,37.39504515
"2080010200","101","-","0",,126.93372873,37.39586318
"2080011100","101","-","0",,126.93139586,37.39691290
"2080011600","101","-","0",,126.93058179,37.39755881
"2080011400","101",비산대교,"1",,126.93091529,37.39715090
"2090020600","104",비산대교,"0",,126.93168907,37.39762812
"2090026100","101","-","0",,126.93395892,37.40639065
"2080008600","101","-","0",,126.93385539,37.39411690
"2080016100","104",청원지하차도,"0",,126.91920314,37.40556443
"2080016400","104",양명교,"0",,126.92020229,37.40596040
"2080016300","104",청원지하차도,"0",,126.91981307,37.40585453
"2080014900","101","-","0",,126.92175426,37.40387893
"2080012200","103","-","0",,126.91972467,37.39960190
"2080017900","101","-","0",,126.91548961,37.40928528
"2080023900","104",호암터널,"0",,126.91472723,37.43746756
"2080019100","104",유원지입구지하차도,"0",,126.91456429,37.41069912
"2080019200","101","-","0",,126.91949348,37.41070640
"2080001400","101","-","0",,126.91977501,37.41341212
"2080018700","104",고가도로,"0",,126.91838154,37.41028931
"2080019300","103","-","0",시스템노드 (조사 : 도로종점),126.91626326,37.41085631
"2080018600","104",안양교,"0",,126.91471857,37.41021425
"2080020100","104",유원지입구지하차도,"0",,126.91611486,37.41180096
"2080012700","101","-","0",,126.92412257,37.40062581
"2080012000","101","-","1",,126.92478179,37.39865774
"2080009800","104",비산고가교,"0",,126.92763114,37.39541459
"2080023800","102","-","0",,126.92455976,37.43682590
"2080023000","101",삼막사거리,"0",,126.91591161,37.42986771
"2080022600","104",삼막지하차도,"0",,126.91554351,37.42783978
"2080023200","104",삼막지하차도,"0",,126.91493292,37.43233778
"2080011000","101",비산고가교,"0",,126.93038742,37.39687337
"2080010000","103",비산고가교,"0",시스템노드,126.92806976,37.39565406
"2080010100","101",병목안사거리,"0",,126.91486282,37.39569893
"2080008700","101","-","0",,126.91613157,37.39416353
"2080010700","101",장내동성당삼거리,"0",,126.92033620,37.39628831
"2080009500","101","-","0",,126.91802070,37.39507331
"2080009000","101","-","0",,126.91889885,37.39445993
"2080012100","101",안양공고길사거리,"0",,126.91774482,37.39941871
"2080011900","101",삼덕제지삼거리,"1",,126.91838661,37.39861584
"2080011700","101","-","0",,126.91567970,37.39787787
"2080011300","101",냉천로사거리,"1",,126.91644451,37.39696906
"2080012500","101",중앙사거리,"0",,126.92036570,37.40007240
"2080014600","101",카센터골목삼거리,"1",,126.92059960,37.40314443
"2080012800","101",대동서점사거리,"1",,126.91977792,37.40077462
"2080011500","101",벽산사거리,"1",,126.92253704,37.39747250
"2080012900","101",안양역광장,"0",,126.92241148,37.40111065
"2080015600","101","-","0",,126.92237051,37.40451915
"2080013000","101",안일교,"0",,126.92641357,37.40149062
"2080012400","101",임곡교,"0",,126.92806348,37.40006078
"2080014100","101",안양여고사거리,"1",,126.91813317,37.40276084
"2080015200","101","-","1",,126.91683629,37.40432824
"2080015800","101","-","1",,126.91877957,37.40534375
"2080016900","101","-","1",,126.91467879,37.40692059
"2080014800","101","-","0",,126.92007079,37.40378746
"2080016600","103","-","0",시스템노드 (조사 : 도로종점),126.92164467,37.40628153
"2080016800","101",양명교,"0",,126.92122970,37.40663928
"2080008800","101",우체국사거리,"1",,126.92528998,37.39416887
"2080017300","103","-","1",시스템노드,126.91662389,37.40793521
"2090019200","103","-","0",,126.94118482,37.39563037
"2090021000","101","-","0",,126.93914182,37.39812831
"2090018400","101",덕천교,"1",,126.93914886,37.39443121
"2080018900","101","-","0",,126.91438361,37.41060534
"2080008500","101",덕천교,"1",,126.93838014,37.39383568
"2090018100","101","-","0",,126.96124117,37.39383906
"2090003002","101","-","1",,126.97500307,37.39343793
"2090002100","101","-","1",,126.97240317,37.38396309
"2090001600","101",계원대사거리,"1",,126.97142186,37.38030118
"2090001300","101","-","1",,126.97076639,37.37935928
"2090000900","101",호계광장사거리,"1",,126.96476682,37.37266450
"2090000800","101","-","1",,126.96325907,37.37220187
"2090000801","103","-","1",시스템노드,126.96187514,37.37153293
"2090000502","103","-","0",,126.95540692,37.36957143
"2090000500","104",호계고가도로,"0",,126.95458704,37.36933650
"2090000501","101","-","0",,126.95419045,37.36925918
"2090000400","101",유통단지사거리,"1",,126.95333398,37.36900162
"2090000300","104",호계고가도로,"0",,126.95149498,37.36798528
"2090000100","101",경향아파트삼거리,"1",,126.95857773,37.36470509
"2090001000","101","-","1",,126.95583576,37.37691818
"2090001100","101",신기사거리,"1",,126.95508307,37.37824343
"2090001800","101",호계2동사거리,"1",,126.95337904,37.38157350
"2090001900","101",방죽사거리,"1",,126.95274686,37.38275121
"2090002400","104",평촌지하차도,"0",,126.97257448,37.38602231
"2090002401","101","-","1",,126.97288110,37.38845293
"2090000700","104",호계지하차도,"0",,126.95780848,37.37161265
"2090000200","104",호계지하차도,"0",,126.95819357,37.36752903
"2090000600","101",호계사거리,"0",,126.95790598,37.37029443
"2090000601","101","-","0",,126.95802529,37.36913499
"2090002600","104",범계지하차도,"0",,126.95023539,37.38721268
"2090017700","101","-","0",,126.97973979,37.39347128
"2090015500","101","-","0",,126.97065642,37.39096146
"2090013900","101","-","1",,126.96970432,37.38827206
"2090015400","101","-","0",,126.96663601,37.39093940
"2090013700","101","-","1",,126.96834886,37.38790043
"2090016200","101","-","0",,126.96935573,37.39176025
"2090017400","101","-","0",,126.96915111,37.39338046
"2090017500","101","-","0",,126.97099110,37.39338759
"2090015700","101","-","1",,126.95096192,37.39108559
"2090015200","101","-","1",,126.95620954,37.39054225
"2090014800","103","-","0",,126.96436082,37.39015131
"2090014700","101","-","1",,126.94927120,37.38999378
"2090014100","103","-","0",,126.95991454,37.38862759
"2090013600","101","-","1",,126.95766007,37.38785465
"2090016000","101","-","1",,126.95904889,37.39152443
"2090014000","103","-","0",,126.95934951,37.38843387
"2090014200","101","-","1",,126.95206089,37.38912353
"2090016400","101","-","1",,126.96071451,37.39210012
"2090015800","101","-","1",,126.95798564,37.39115621
"2090014400","101","-","1",,126.96217439,37.38939846
"2090016100","101","-","1",,126.95064423,37.39171456
"2090016600","101","-","1",,126.96200451,37.39253137
"2090017200","101","-","1",,126.95480748,37.39314003
"2090017100","101","-","0",,126.95691204,37.39313575
"2090016700","101","-","0",,126.95011592,37.39264540
"2090016500","101",시청사거리,"1",,126.95516732,37.39252940
"2090016800","101","-","1",,126.96038857,37.39266106
"2090017600","101","-","1",,126.96002442,37.39341731
"2090017300","101","-","1",,126.96382189,37.39317837
"2090017000","101","-","0",,126.96165354,37.39309378
"2090015600","101","-","0",,126.97541586,37.39106934
"2090003000","104",평촌지하차도,"0",,126.97386967,37.39081815
"2090003001","101","-","1",,126.97409114,37.39132987
"2090013100","101","-","1",,126.96222870,37.38601278
"2090013200","101",학교앞사거리,"0",,126.95352073,37.38641234
"2090013300","101","-","1",,126.96374470,37.38648940
"2090013000","103","-","1",시스템노드,126.96005545,37.38532821
"2090012700","101",이수교차로,"1",,126.95833354,37.38475318
"2090012200","101","-","0",,126.96260539,37.38396865
"2090012500","101","-","0",,126.96318889,37.38419918
"2090012000","103","-","0",시스템노드,126.96083801,37.38387912
"2090012100","101","-","1",,126.96905295,37.38396256
"2090012600","101",주공아파트사거리,"1",,126.96469773,37.38471306
"2090012400","101","-","0",,126.95639810,37.38405715
"2090012800","101","-","1",,126.95919339,37.38505087
"2090009100","103","-","0",시스템노드,126.95921970,37.37965550
"2090006800","103","-","0",시스템노드,126.95182420,37.37006465
"2090008300","101","-","0",,126.96719726,37.37817353
"2090008200","101","-","0",,126.96772536,37.37791024
"2090007900","101","-","0",,126.96695895,37.37690431
"2090008600","101","-","0",,126.96599645,37.37876437
"2090007600","101","-","0",,126.96621482,37.37593371
"2090008500","101","-","0",,126.95608064,37.37836068
"2090008900","101","-","0",,126.95680032,37.37922018
"2090008000","101","-","0",,126.96526186,37.37770462
"2090008800","101","-","1",,126.95744976,37.37920396
"2090008400","101","-","0",,126.95996207,37.37834665
"2090007700","101","-","1",,126.96292648,37.37620865
"2090007800","101","-","0",,126.96444576,37.37675006
"2090008100","101","-","0",,126.95421679,37.37790390
"2090008700","101","-","1",,126.96190061,37.37881809
"2090007500","101","-","1",,126.96327442,37.37558465
"2090007300","101","-","0",,126.96402751,37.37422415
"2090007400","101","-","0",,126.96173636,37.37504746
"2090007200","101","-","0",,126.96242036,37.37372584
"2090006700","101",구군포사거리,"0",,126.95475482,37.36796049
"2090007000","103","-","0",,126.95394289,37.37215262
"2090011900","101","-","1",,126.95998833,37.38359471
"2090011700","101","-","0",,126.95912217,37.38328331
"2090011500","101","-","0",,126.95721786,37.38263946
"2090011400","103","-","0",시스템노드,126.96167439,37.38235943
"2090011600","101","-","1",,126.96582048,37.38264696
"2090010400","101","-","0",,126.96935148,37.38117868
"2090010200","101","-","0",,126.96918101,37.38086100
"2090010000","101","-","0",,126.96992142,37.38078631
"2090010700","101","-","1",,126.96754726,37.38158500
"2090009800","101","-","0",,126.96703561,37.38063831
"2090009600","101","-","0",,126.96811686,37.38030724
"2090010500","101","-","1",,126.96865117,37.38122440
"2090011100","101","-","0",,126.96610557,37.38188412
"2090011000","101","-","0",,126.96666148,37.38180534
"2090009700","101","-","0",,126.95996132,37.38052918
"2090009400","101","-","0",,126.96025298,37.38008156
"2090010800","101","-","0",,126.96002754,37.38164793
"2090011200","101","-","1",,126.96085626,37.38198971
"2090010300","101","-","1",,126.96145457,37.38088534
"2090010900","101","-","1",,126.96347845,37.38166159
"2090010600","102","-","0",,126.95892970,37.38127065
"2090009300","103","-","0",시스템노드,126.95869270,37.38000224
"2090009900","103","-","0",시스템노드,126.96051129,37.38073428
"2090011800","101","-","1",,126.95504211,37.38358625
"2090017800","101","-","1",,126.95797439,37.39350243
"2090017900","101","-","0",,126.96513457,37.39360334
"2090006300","101","-","1",,126.97485079,37.40328271
"2090006500","101",농협앞 삼거리,"0",,126.96607348,37.40460003
"2090006201","101","-","1",,126.96085639,37.40375018
"2090006200","101",봉천동 3거리,"1",,126.95703970,37.40305165
"2090005901","103","-","0",시스템노드,126.95219586,37.40216746
"2090005900","101","-","1",,126.95009533,37.40176824
"2090003902","101",인덕원교,"0",,126.97675551,37.39748081
"2090003901","101",인덕원교,"1",,126.97644748,37.39689278
"2090003900","101",인덕원교 앞 삼거리,"1",,126.97627395,37.39657565
"2090006001","103","-","1",시스템노드,126.97859992,37.40024028
"2090006000","101",인덕원사거리,"1",,126.97662486,37.40217359
"2090023800","101","-","1",,126.97082132,37.40239590
"2090018700","101","-","1",,126.98094561,37.39511234
"2090026800","103","-","0",시스템노드,126.95060632,37.40889106
"2090026900","103","-","0",시스템노드,126.95081679,37.41067309
"2090020400","101","-","0",,126.96862157,37.39754237
"2090019500","101","-","1",,126.96881570,37.39601278
"2090023400","101",동안교,"0",,126.96651739,37.40221318
"2090023500","101",현대정형외과사거리/관양교,"0",,126.97064176,37.40225784
"2090022800","101",현대정형외과사거리/관양교,"0",,126.97041654,37.40156100
"2090024300","101",동안교,"0",,126.96630607,37.40290546
"2090023000","101",대학교,"1",,126.96138798,37.40203106
"2090022500","101",대학교,"0",,126.96142504,37.40132384
"2090022200","101","-","0",,126.94963607,37.40094256
"2090027000","102",석수전화국사거리,"0",,126.95170336,37.41299493
"2090020700","103","-","0",,126.96094314,37.39777978
"2090024700","101","-","0",,126.95174589,37.40373853
"2090021800","103","-","0",,126.95663464,37.39992225
"2090020500","103","-","0",,126.95518454,37.39756718
"2090018600","101","-","1",,126.95929951,37.39470175
"2090021900","104",내비산교,"0",,126.95090398,37.40034828
"2090019400","101","-","0",,126.96242270,37.39576587
"2090019100","101","-","1",,126.96401992,37.39555481
"2090022000","103","-","0",,126.95388857,37.40040249
"2090026300","101",안양운동장삼거리,"0",,126.95008976,37.40651859
"2090024600","101",현대아파트입구삼거리,"0",,126.95721754,37.40372725
"2090019300","101","-","1",,126.95880251,37.39563553
"2090020000","101","-","0",,126.96158023,37.39661696
"2090018800","101","-","0",,126.96055895,37.39512681
"2090018900","101","-","1",,126.96275251,37.39515075
"2090019600","103","-","0",,126.95076707,37.39604984
"2090020200","101","-","0",,126.96301682,37.39710556
"2090019700","101","-","1",,126.96363295,37.39617149
"2090021200","101","-","0",,126.96225517,37.39825893
"2090020100","101","-","1",,126.95288264,37.39676246
"2090021600","101",한가람단지,"1",,126.95131029,37.39962184
"2090022400","101",내비산교,"1",,126.95042467,37.40115625
"2090021700","101","-","1",,126.96129476,37.39966525
"2090022600","101","-","0",,126.96014714,37.40141084
"2090021300","101","-","1",,126.95735357,37.39831043
"2090023600","101",수촌교,"1",,126.95693542,37.40233678
"2090022700","101",수촌교,"0",,126.95681432,37.40141709
"2090025000","101",안양종합운동장,"1",,126.94946857,37.40406818
"2090024500","101","-","0",,126.94944792,37.40351784
"2090018300","101","-","0",,126.95429729,37.39408462
"2090018500","101","-","1",,126.96087526,37.39450062
"2090025800","103","-","0",시스템노드,126.95190770,37.40593368
"2090025300","103","-","1",시스템노드,126.94977548,37.40510421
"2090025900","103","-","0",시스템노드,126.94998539,37.40603928
"2090025500","103","-","0",시스템노드,126.95779061,37.40563653
"2090026600","103","-","0",시스템노드,126.96035136,37.40801012
"2090024100","103","-","0",시스템노드,126.96116457,37.40268721
"2090022300","101","-","0",,126.95133070,37.40112146
"2090023900","101","-","0",,126.95808420,37.40241562
"2090023100","101","-","0",,126.95610120,37.40206803
"2090023300","101","-","0",,126.96036707,37.40213325
"2090023200","101","-","0",,126.96268770,37.40211115
"2090003003","101","-","1",,126.97561164,37.39484468
"2090019900","101","-","0",,126.97290754,37.39636487
"2090020900","101","-","0",,126.97274461,37.39789846
"2090021400","101","-","0",,126.97301070,37.39836828
"2090018200","101","-","1",,126.95966470,37.39407046
"2080003000","101","-","0",,126.93980067,37.37903787
"2080000600","108",광명역IC북측(연결로),"0",,126.87957754,37.40650984
"2080002500","101",석수IC 입구,"0",101링크연결노드-시스템노드,126.90618942,37.42418703
"2080000500","108",광명역IC 북측(성산대교방향),"0",,126.88192689,37.40525553
"2090001700","108",평촌IC,"0",,126.96149598,37.38089040
"2080000300","108",산본IC 동측(본선),"0",,126.93730057,37.37700831
"2080001000","105",없음,"0",,126.88420923,37.41099303
"2080000400","108",광명역IC 남측(서해안선 목포방,"0",,126.87728223,37.40318900
"2080002400","108",일직JC 동측(석수IC),"0",,126.89889395,37.42359890
"2080019000","105","-","0",,126.88212942,37.41064293
"2090016201","101","-","0",,126.96928540,37.39240395
"2090017501","101","-","0",,126.97100993,37.39242104
"2090003004","101","-","0",,126.97457930,37.39245826
"2090027400","101","-","0",,126.97282000,37.39692200
"2090027300","101","-","0",,126.97247000,37.39690700
"2090027100","101","-","0",,126.94489900,37.38646700
"2090027200","101","-","0",,126.94456300,37.38676200
"2080024800","101","-","0",,126.90207400,37.42370800
"2080024600","101","-","0",,126.89333600,37.40932600
"2080024700","101","-","0",,126.89358800,37.40950100
"2260005800","105","-","0",,126.97162676,37.38023893
"2260003500","105","-","0",,126.96988464,37.37813575
"2260005500","105","-","0",,126.96914420,37.37724915
"2130000400","108",일직JC북측(서해안선 본선),"0",,126.89588501,37.42820678
"2130000100","108",일직JC남측(서해안선 본선),"0",,126.89372317,37.41917762
"2250017300","105",없음,"0",,126.95376167,37.36615121
"2250020400","105",없음,"0",,126.94052848,37.37691337
"2250020600","105",없음,"0",,126.94123770,37.37757062
"2240033400","105",없음,"0",,126.87752861,37.40203284
"2260003200","105","-","0",,126.96607554,37.37333021
"2260003400","101","-","0",,126.96920151,37.37723071
"2260021300","105",의왕-안양 행정경계,"0",,126.96616225,37.36328437
"2260021800","101",(호성초교앞교차로),"0",,126.96487854,37.36612965
"2260021900","105",의왕-안양 행정경계,"0",,126.96493476,37.36628157
"2260022000","105",의왕-안양 행정경계,"0",,126.96544672,37.36750114
"2260024300","105",의왕-안양 행정경계,"0",,126.97252627,37.38394988
"2090007100","101",호계교,"1",,126.94623500,37.37371200
"2090006900","103",홈플러스,"1",,126.95088200,37.37069800
"2090006002","103",인덕원고교,"1",,126.97953400,37.39926300
"2250019500","105",호계교,"0",,126.94576900,37.37394400
"2250028600","105",삼호수정아파트,"0",,126.93971800,37.37653400
"2090036200","101",한양IT밸리,"0",,126.94871000,37.37208800
"2250030900","105",호금교,"0",,126.94880000,37.36888700
"1170003600","105",금천구-안양시경계(1),"0",,126.90111108,37.43595110
"2130000600","105",서해안선 서울금천-경기,"0",,126.89977701,37.43687812
"2080022200","108",석수IC(북측1분기),"0",,126.90640226,37.42430564
"2080021900","108",석수IC(남측2분기),"0",,126.90685750,37.42338749
"2080024900","101",석수IC(동측1분기),"0",,126.90670156,37.42399903
"2080025000","108",석수IC(북측2분기),"0",,126.90301225,37.42394620
"2080025100","108",석수IC(남측1분기),"0",,126.90321261,37.42355859
"2080025200","108",석수IC(동측2분기),"0",,126.90899256,37.42430852
"2080025300","108",삼막IC(광명방면),"0",,126.91170569,37.42542793
"2080025400","108",삼막IC(성남방면),"0",,126.91351101,37.42901423
"2080025500","108",삼막IC(성남방면),"0",,126.91544566,37.42840207
"2080025600","104",삼성산터널(서측),"0",,126.91880263,37.42989775
"2090040500","104",삼성산터널(동측),"0",,126.96977289,37.41611045
"2090040600","103",안양과천TG,"0",,126.97363317,37.41407752
"2090040700","105",안양시-과천시경계,"0",,126.97429687,37.41363069
"2130064500","101",석수동 863-2,"0",,126.88914641,37.41822779
"2130064700","101",석수동 863-2,"0",,126.89080160,37.41811228
"2080032100","104",충훈대교(동측),"0",,126.89148521,37.41176693
"2130064900","101",석수동 863-4,"0",,126.89156059,37.42041673
"2090026400","105",안양시_과천시경계,"0",경계점,126.97576955,37.40782352
"2090052700","101",관양동 494-6,"0",,126.96518588,37.41017481
"2090052800","101",관양동 1681,"0",,126.96727763,37.40980717
"2090052900","101",관양동 1474-1,"0",,126.97110838,37.40488963
"2090053000","101",관양동 1725,"0",,126.97115241,37.40629002
"2090053100","101",관양동 1715,"0",,126.97146445,37.40838998
"2090053200","103",관양동 1664,"0",속성변환점,126.97215171,37.41068117
"2090053300","101",관양동 1722,"0",,126.97257672,37.40664832
"2090053400","101",관양동 1659,"0",,126.97282497,37.40977910
"2090053500","101",관양동 1711,"0",,126.97323914,37.40768986
"2090053600","101",데이드림오피스텔앞,"0",,126.97349676,37.40622215
"2090053700","101",관양동 1662-1,"0",,126.97396511,37.40886342
